Year,State,District,Name,Photo,Photo_Downloadable,Party,Votes,Incumbent,ID,Gender,Year_of_Birth,Edu,score,score_CNN,Poverty (%),Median_Household_Income,Pop_Total,Pop_M,Pop_F,Sex Ratio,total_votes,vote_share,ln_vote_share,Age
2018,CA,1,Doug LaMalfa,https://upload.wikimedia.org/wikipedia/commons/2/23/Doug_LaMalfa_113th_Congress_official_photo.jpg,T,Republican,160046.0,1,CA_1_1,M,1960.0,Bachelor,45.0,52.0,15.0,56008,711282,357637,353645,1.0112881562018408,291594.0,0.5488658888728849,-0.5999011498775029,58.0
2018,CA,1,Audrey Denney,https://upload.wikimedia.org/wikipedia/commons/b/bd/3x4.svg,F,Democratic,131548.0,0,CA_1_2,F,1984.0,Master,79.0,79.0,15.0,56008,711282,357637,353645,1.0112881562018408,291594.0,0.4511341111271151,-0.7959906197651304,34.0
2018,CA,2,Jared Huffman,https://upload.wikimedia.org/wikipedia/commons/a/a9/Jared_Huffman_116th_Congress.jpg,T,Democratic,243081.0,1,CA_2_1,M,1964.0,Doctor,71.0,71.0,11.4,79338,722370,357376,364994,0.979128424028888,315657.0,0.7700795483705415,-0.26126145989834204,54.0
2018,CA,2,Dale K. Mensing,https://upload.wikimedia.org/wikipedia/commons/b/bd/3x4.svg,F,Republican,72576.0,0,CA_2_2,M,1958.0,Bachelor,73.0,70.0,11.4,79338,722370,357376,364994,0.979128424028888,315657.0,0.22992045162945857,-1.4700218923637787,60.0
2018,CA,3,John Garamendi,https://upload.wikimedia.org/wikipedia/commons/3/36/John_Garamendi_official_photo_%28cropped%29.jpg,T,Democratic,134875.0,1,CA_3_1,M,1945.0,Master,76.0,78.0,13.8,70807,748104,370187,377917,0.9795457732782596,232251.0,0.5807294694102502,-0.5434702598114388,73.0
2018,CA,3,Charlie Schaupp,https://upload.wikimedia.org/wikipedia/commons/c/c9/Charlie_Schaupp_%28cropped%29.png,T,Republican,97376.0,0,CA_3_2,M,1955.0,Bachelor,70.0,69.0,13.8,70807,748104,370187,377917,0.9795457732782596,232251.0,0.4192705305897499,-0.869238909675177,63.0
2018,CA,4,Tom McClintock,https://upload.wikimedia.org/wikipedia/commons/a/a3/Tom_McClintock%2C_Official_Portrait_%28cropped%29.JPG,T,Republican,184401.0,1,CA_4_1,M,1956.0,Bachelor,80.0,81.0,8.8,78285,754525,377608,376917,1.0018332948633253,340654.0,0.5413146477070576,-0.6137545653069049,62.0
2018,CA,4,Jessica Morse,https://upload.wikimedia.org/wikipedia/commons/c/c5/JMorse-opt_%28cropped%29.jpg,T,Democratic,156253.0,0,CA_4_2,F,1982.0,Master,72.0,74.0,8.8,78285,754525,377608,376917,1.0018332948633253,340654.0,0.4586853522929424,-0.7793908109759932,36.0
2018,CA,5,Mike Thompson,https://upload.wikimedia.org/wikipedia/commons/0/05/Mike_Thompson%2C_official_portrait%2C_116th_Congress_%28cropped%29.jpg,T,Democratic,205860.0,1,CA_5_1,M,1951.0,Master,58.0,73.0,9.5,83141,730955,359113,371842,0.9657677185471248,261018.0,0.788681240374227,-0.23739304436350953,67.0
2018,CA,5,Anthony Mills,https://upload.wikimedia.org/wikipedia/commons/b/bd/3x4.svg,F,No party preference,55158.0,0,CA_5_2,M,,,,,9.5,83141,730955,359113,371842,0.9657677185471248,261018.0,0.21131875962577293,-1.5543875763522503,
2018,CA,6,Doris Matsui,https://upload.wikimedia.org/wikipedia/commons/4/42/Doris_Matsui_Official_Photo_%28cropped%29.JPG,T,Democratic,162411.0,1,CA_6_1,F,1944.0,Bachelor,69.0,68.0,17.1,62594,777985,380830,397155,0.958895141695308,201939.0,0.8042577213911132,-0.21783551217410124,74.0
2018,CA,6,Jrmar Jefferson,https://upload.wikimedia.org/wikipedia/commons/8/84/Jrmar_Jefferson_%28cropped%29.jpg,T,Democratic,39528.0,0,CA_6_2,M,1980.0,Bachelor,74.0,70.0,17.1,62594,777985,380830,397155,0.958895141695308,201939.0,0.19574227860888685,-1.6309563900545345,38.0
2018,CA,7,Ami Bera,https://upload.wikimedia.org/wikipedia/commons/e/e5/Ami_Bera%2C_Official_Portrait%2C_115th_Congress_%28cropped%29.jpg,T,Democratic,155016.0,1,CA_7_1,M,1965.0,Doctor,82.0,84.0,12.0,81435,753640,368543,385097,0.9570134277857268,281617.0,0.550449724270907,-0.5970196543816338,53.0
2018,CA,7,Andrew Grant,https://upload.wikimedia.org/wikipedia/commons/1/15/Andrew_Grant_%282015%29.jpg,T,Republican,126601.0,0,CA_7_2,M,1971.0,Master,80.0,79.0,12.0,81435,753640,368543,385097,0.9570134277857268,281617.0,0.44955027572909306,-0.7995075832068806,47.0
2018,CA,8,Paul Cook,https://upload.wikimedia.org/wikipedia/commons/b/bb/Paul_Cook%2C_official_portrait%2C_114th_Congress_%28cropped%29.jpg,T,Republican,102415.0,1,CA_8_1,M,1943.0,Master,82.0,83.0,18.2,56311,717107,361408,355699,1.0160500872929077,170785.0,0.5996721023509091,-0.51137226923122,75.0
2018,CA,8,Tim Donnelly,https://upload.wikimedia.org/wikipedia/commons/8/82/Tim_Donnelly_%28cropped%29.jpg,T,Republican,68370.0,0,CA_8_2,M,1966.0,Bachelor,58.0,62.0,18.2,56311,717107,361408,355699,1.0160500872929077,170785.0,0.40032789764909094,-0.9154713235581365,52.0
2018,CA,9,Jerry McNerney,https://upload.wikimedia.org/wikipedia/commons/a/a4/Jerry_McNerney%2C_official_portrait%2C_114th_Congress_%28cropped%29.jpg,T,Democratic,113414.0,1,CA_9_1,M,1951.0,Doctor,64.0,59.0,13.7,74078,775148,380595,394553,0.964623257204989,200763.0,0.5649148498478306,-0.5710802674272513,67.0
2018,CA,9,Marla Livengood,https://upload.wikimedia.org/wikipedia/commons/b/bd/3x4.svg,F,Republican,87349.0,0,CA_9_2,F,1977.0,Bachelor,68.0,66.0,13.7,74078,775148,380595,394553,0.964623257204989,200763.0,0.4350851501521695,-0.8322135195732387,41.0
2018,CA,10,Josh Harder,https://upload.wikimedia.org/wikipedia/commons/8/8d/Josh_Harder%2C_official_portrait%2C_116th_Congress_%283x4%29.jpg,T,Democratic,115945.0,0,CA_10_1,M,1986.0,Master,68.0,70.0,13.6,67939,761485,380532,380953,0.9988948767958252,221900.0,0.5225101397025688,-0.6491108892021492,32.0
2018,CA,10,Jeff Denham,https://upload.wikimedia.org/wikipedia/commons/5/51/Jeff_Denham%2C_official_portrait%2C_115th_Congress_%28cropped%29.jpg,T,Republican,105955.0,1,CA_10_2,M,1967.0,Bachelor,66.0,64.0,13.6,67939,761485,380532,380953,0.9988948767958252,221900.0,0.4774898602974313,-0.739212354266019,51.0
2018,CA,11,Mark DeSaulnier,https://upload.wikimedia.org/wikipedia/commons/9/90/Mark_DeSaulnier%2C_Official_Portrait%2C_114th_Congress.jpeg,T,Democratic,204369.0,1,CA_11_1,M,1952.0,Bachelor,71.0,71.0,8.8,102740,762290,372843,389447,0.9573651870472748,275681.0,0.7413242116794411,-0.2993172167447165,66.0
2018,CA,11,John Fitzgerald,https://upload.wikimedia.org/wikipedia/commons/b/bd/3x4.svg,F,Republican,71312.0,0,CA_11_2,M,1964.0,High_school,68.0,67.0,8.8,102740,762290,372843,389447,0.9573651870472748,275681.0,0.25867578832055893,-1.3521797839629206,54.0
2018,CA,12,Nancy Pelosi,https://upload.wikimedia.org/wikipedia/commons/1/12/Official_photo_of_Speaker_Nancy_Pelosi_in_2019_%281%29.jpg,T,Democratic,275292.0,1,CA_12_1,F,1940.0,Bachelor,86.0,86.0,10.1,118993,764043,391594,372449,1.0514030108820267,317072.0,0.8682318211636474,-0.141296524906659,78.0
2018,CA,12,Lisa Remmer,https://upload.wikimedia.org/wikipedia/commons/b/bd/3x4.svg,F,Republican,41780.0,0,CA_12_2,F,1949.0,Master,75.0,77.0,10.1,118993,764043,391594,372449,1.0514030108820267,317072.0,0.13176817883635264,-2.026711121296437,69.0
2018,CA,13,Barbara Lee,https://upload.wikimedia.org/wikipedia/commons/0/01/U.S._Rep._Barbara_Lee_-_Official_Portrait%2C_115th_Congress.jpg,T,Democratic,260580.0,1,CA_13_1,F,1946.0,Master,71.0,69.0,13.2,86963,764304,369844,394460,0.9375957004512498,294837.0,0.8838103765809583,-0.12351274548436178,72.0
2018,CA,13,Laura Wells,https://upload.wikimedia.org/wikipedia/commons/5/5e/LauraWellsSacramento3_%28cropped%29.jpg,T,Green,34257.0,0,CA_13_2,F,1948.0,Master,67.0,71.0,13.2,86963,764304,369844,394460,0.9375957004512498,294837.0,0.11618962341904171,-2.1525317378715267,70.0
2018,CA,14,Jackie Speier,https://upload.wikimedia.org/wikipedia/commons/d/d1/Jackie_Speier_official_photo_%28cropped_2%29.jpg,T,Democratic,211384.0,1,CA_14_1,F,1950.0,Doctor,77.0,71.0,7.1,121360,759415,378809,380606,0.9952785820507296,266823.0,0.7922255577667593,-0.23290913255410509,68.0
2018,CA,14,Cristina Osmeña,https://upload.wikimedia.org/wikipedia/commons/b/bd/3x4.svg,F,Republican,55439.0,0,CA_14_2,F,1968.0,Bachelor,76.0,75.0,7.1,121360,759415,378809,380606,0.9952785820507296,266823.0,0.20777444223324076,-1.5713022000214871,50.0
2018,CA,15,Eric Swalwell,https://upload.wikimedia.org/wikipedia/commons/d/dc/Eric_Swalwell_116th_Congress.jpg,T,Democratic,177989.0,1,CA_15_1,M,1980.0,Doctor,67.0,65.0,5.3,118593,789174,391330,397844,0.9836267481726506,243929.0,0.7296754383447642,-0.31515544871298407,38.0
2018,CA,15,Justin Fareed,https://upload.wikimedia.org/wikipedia/commons/b/bd/3x4.svg,F,Republican,65940.0,0,CA_15_2,M,1988.0,Bachelor,65.0,67.0,5.3,118593,789174,391330,397844,0.9836267481726506,243929.0,0.2703245616552357,-1.3081319616991154,30.0
2018,CA,16,Jim Costa,https://upload.wikimedia.org/wikipedia/commons/3/39/Jim_Costa_116th_Congress.jpg,T,Democratic,82266.0,1,CA_16_1,M,1952.0,Bachelor,77.0,76.0,25.6,50583,749967,378254,371713,1.0175969094435762,142959.0,0.5754517029358067,-0.5525999762605087,66.0
2018,CA,16,Elizabeth Heng,https://upload.wikimedia.org/wikipedia/commons/b/bd/3x4.svg,F,Republican,60693.0,0,CA_16_2,F,1985.0,Master,80.0,79.0,25.6,50583,749967,378254,371713,1.0175969094435762,142959.0,0.4245482970641932,-0.8567295056996951,33.0
2018,CA,17,Ro Khanna,https://upload.wikimedia.org/wikipedia/commons/1/16/Ro_Khanna%2C_official_portrait%2C_115th_Congress_%283x4%29.jpg,T,Democratic,159105.0,1,CA_17_1,M,1976.0,Doctor,87.0,87.0,6.5,129602,777468,404033,373435,1.08193661547525,211162.0,0.753473636355026,-0.2830612497758307,42.0
2018,CA,17,Ron Cohen,https://upload.wikimedia.org/wikipedia/commons/b/bd/3x4.svg,F,Republican,52057.0,0,CA_17_2,M,1959.0,,68.0,69.0,6.5,129602,777468,404033,373435,1.08193661547525,211162.0,0.246526363644974,-1.4002863393117515,59.0
2018,CA,18,Anna Eshoo,https://upload.wikimedia.org/wikipedia/commons/1/14/Anna_Eshoo_official_2018.jpg,T,Democratic,225142.0,1,CA_18_1,F,1942.0,Bachelor,80.0,83.0,6.3,142215,750295,375370,374925,1.001186904047476,302238.0,0.7449162580482931,-0.2944834722248318,76.0
2018,CA,18,Christine Russell,https://upload.wikimedia.org/wikipedia/commons/b/bd/3x4.svg,F,Republican,77096.0,0,CA_18_2,F,,,80.0,83.0,6.3,142215,750295,375370,374925,1.001186904047476,302238.0,0.2550837419517069,-1.3661633879245108,
2018,CA,19,Zoe Lofgren,https://upload.wikimedia.org/wikipedia/commons/9/96/Zoe_Lofgren%2C_official_portrait%2C_116th_Congress.jpg,T,Democratic,162496.0,1,CA_19_1,F,1947.0,Doctor,75.0,77.0,8.2,109704,763028,379974,383054,0.9919593582105916,220319.0,0.7375487361507632,-0.3044231100352528,71.0
2018,CA,19,Justin James Aguilera,https://upload.wikimedia.org/wikipedia/commons/b/bd/3x4.svg,F,Republican,57823.0,0,CA_19_2,M,,Bachelor,72.0,73.0,8.2,109704,763028,379974,383054,0.9919593582105916,220319.0,0.2624512638492368,-1.3376898757144104,
2018,CA,20,Jimmy Panetta,https://upload.wikimedia.org/wikipedia/commons/8/82/Jimmy_Panetta%2C_official_portrait%2C_115th_Congress.jpg,T,Democratic,183677.0,1,CA_20_1,M,1969.0,Doctor,80.0,79.0,12.6,83722,739352,370199,369153,1.0028335134754425,225721.0,0.8137346547286252,-0.20612094311350637,49.0
2018,CA,20,Ronald Paul Kabat,https://upload.wikimedia.org/wikipedia/commons/b/bd/3x4.svg,F,No party preference,42044.0,0,CA_20_2,M,1942.0,Master,67.0,69.0,12.6,83722,739352,370199,369153,1.0028335134754425,225721.0,0.18626534527137484,-1.680583034397606,76.0
2018,CA,21,TJ Cox,https://upload.wikimedia.org/wikipedia/commons/a/a1/TJ_Cox%2C_official_portrait%2C_116th_Congress_%28cropped%29.jpg,T,Democratic,57239.0,0,CA_21_1,M,1963.0,Master,77.0,73.0,24.9,51382,713625,375964,337661,1.113436257074403,113616.0,0.5037934797915786,-0.6855888572045844,55.0
2018,CA,21,David Valadao,https://upload.wikimedia.org/wikipedia/commons/b/bf/David_Valadao%2C_official_portrait%2C_113th_Congress_%28cropped%29.jpg,T,Republican,56377.0,1,CA_21_2,M,1977.0,Bachelor,68.0,70.0,24.9,51382,713625,375964,337661,1.113436257074403,113616.0,0.4962065202084214,-0.7007630675277757,41.0
2018,CA,22,Devin Nunes,https://upload.wikimedia.org/wikipedia/commons/0/0b/Devin_Nunes%2C_official_portrait%2C_112th_Congress.jpg,T,Republican,117243.0,1,CA_22_1,M,1973.0,Master,72.0,70.0,16.5,65339,771095,377846,393249,0.9608314325020534,222379.0,0.5272215451998615,-0.6401344294060792,45.0
2018,CA,22,Andrew Janz,https://upload.wikimedia.org/wikipedia/commons/b/bd/3x4.svg,F,Democratic,105136.0,0,CA_22_2,M,1984.0,Doctor,84.0,83.0,16.5,65339,771095,377846,393249,0.9608314325020534,222379.0,0.4727784548001385,-0.7491283833022135,34.0
2018,CA,23,Kevin McCarthy,https://upload.wikimedia.org/wikipedia/commons/1/1d/Kevin_McCarthy%2C_official_portrait%2C_115th_Congress_%28cropped%29.jpg,T,Republican,131113.0,1,CA_23_1,M,1965.0,Master,71.0,71.0,18.7,59881,747852,380613,367239,1.036417700734399,205774.0,0.6371699048470653,-0.45071893237069244,53.0
2018,CA,23,Tatiana Matta,https://upload.wikimedia.org/wikipedia/commons/b/bd/3x4.svg,F,Democratic,74661.0,0,CA_23_2,F,1983.0,Master,83.0,83.0,18.7,59881,747852,380613,367239,1.036417700734399,205774.0,0.3628300951529348,-1.0138206117202893,35.0
2018,CA,24,Salud Carbajal,https://upload.wikimedia.org/wikipedia/commons/0/06/Salud_Carbajal_official_photo_%28cropped%29.jpg,T,Democratic,166550.0,1,CA_24_1,M,1964.0,Master,75.0,76.0,12.8,78085,738707,371237,367470,1.0102511769668272,284431.0,0.5855550203740099,-0.5351951287556452,54.0
2018,CA,24,Justin Fareed,https://upload.wikimedia.org/wikipedia/commons/b/bd/3x4.svg,F,Republican,117881.0,0,CA_24_2,M,1988.0,Bachelor,65.0,67.0,12.8,78085,738707,371237,367470,1.0102511769668272,284431.0,0.41444497962599014,-0.8808150523585645,30.0
2018,CA,25,Katie Hill,https://upload.wikimedia.org/wikipedia/commons/f/fc/Katie_Hill%2C_official_portrait%2C_116th_Congress_%283x4%29.jpg,T,Democratic,133209.0,0,CA_25_1,F,1987.0,Master,84.0,83.0,12.8,83915,716257,352672,363585,0.9699850103827166,245022.0,0.5436613855082401,-0.6094286790404112,31.0
2018,CA,25,Steve Knight,https://upload.wikimedia.org/wikipedia/commons/e/ef/Steve_Knight%2C_official_portrait%2C_114th_Congress.jpeg,T,Republican,111813.0,1,CA_25_2,M,1966.0,Bachelor,78.0,78.0,12.8,83915,716257,352672,363585,0.9699850103827166,245022.0,0.45633861449175994,-0.7845201694008029,52.0
2018,CA,26,Julia Brownley,https://upload.wikimedia.org/wikipedia/commons/2/21/Julia_Brownley%2C_official_portrait%2C_114th_Congress_%28cropped%29.jpg,T,Democratic,158216.0,1,CA_26_1,F,1952.0,Master,68.0,68.0,9.0,88047,728927,362214,366713,0.9877315502859184,255426.0,0.6194201060189644,-0.47897155149365467,66.0
2018,CA,26,Antonio Sabàto Jr.,https://upload.wikimedia.org/wikipedia/commons/2/2b/Antonio_Sab%C3%A0to_Jr._%282018%29.jpg,T,Republican,97210.0,0,CA_26_2,M,1972.0,High_school,75.0,73.0,9.0,88047,728927,362214,366713,0.9877315502859184,255426.0,0.3805798939810356,-0.9660591526804009,46.0
2018,CA,27,Judy Chu,https://upload.wikimedia.org/wikipedia/commons/b/bf/Judy_Chu_2019-05-02_%28cropped%29.jpg,T,Democratic,160504.0,1,CA_27_1,F,1953.0,Doctor,82.0,82.0,11.7,82690,705509,339827,365682,0.9292964925809856,202636.0,0.7920803805839042,-0.23309240168129475,65.0
2018,CA,27,Bryan Witt,https://upload.wikimedia.org/wikipedia/commons/b/bd/3x4.svg,F,Democratic,42132.0,0,CA_27_2,M,1962.0,,80.0,81.0,11.7,82690,705509,339827,365682,0.9292964925809856,202636.0,0.20791961941609585,-1.5706037190848992,56.0
2018,CA,28,Adam Schiff,https://upload.wikimedia.org/wikipedia/commons/9/9c/Adam_Schiff_official_portrait_%28cropped%29.jpg,T,Democratic,196662.0,1,CA_28_1,M,1960.0,Doctor,67.0,70.0,12.5,76727,709450,348013,361437,0.9628593641492156,250934.0,0.7837200219978162,-0.24370343721110788,58.0
2018,CA,28,Johnny Nalbandian,https://upload.wikimedia.org/wikipedia/commons/b/bd/3x4.svg,F,Republican,54272.0,0,CA_28_2,M,1954.0,Bachelor,67.0,77.0,12.5,76727,709450,348013,361437,0.9628593641492156,250934.0,0.21627997800218385,-1.5311815161782334,64.0
2018,CA,29,Tony Cárdenas,https://upload.wikimedia.org/wikipedia/commons/0/09/Tony_C%C3%A1rdenas_114th_Congress_%28cropped%29.jpg,T,Democratic,124697.0,1,CA_29_1,M,1963.0,Bachelor,65.0,67.0,16.1,61523,707741,355538,352203,1.009468971019554,154692.0,0.8060985700618002,-0.21554924859094193,55.0
2018,CA,29,Benito Benny Bernal,https://upload.wikimedia.org/wikipedia/commons/b/bd/3x4.svg,F,Republican,29995.0,0,CA_29_2,M,1964.0,Bachelor,70.0,71.0,16.1,61523,707741,355538,352203,1.009468971019554,154692.0,0.19390142993819978,-1.6404053421439115,54.0
2018,CA,30,Brad Sherman,https://upload.wikimedia.org/wikipedia/commons/9/95/Brad_Sherman%2C_official_portrait%2C_116th_Congress_%28cropped%29.jpg,T,Democratic,191573.0,1,CA_30_1,M,1954.0,Doctor,69.0,70.0,9.8,86771,766513,375891,390622,0.9622883503745308,260993.0,0.7340158548313557,-0.3092246500132328,64.0
2018,CA,30,Mark Reed,https://upload.wikimedia.org/wikipedia/commons/1/1a/Mark_Reed_%282018%29_%28cropped%29.png,T,Republican,69420.0,0,CA_30_2,M,1957.0,Bachelor,66.0,69.0,9.8,86771,766513,375891,390622,0.9622883503745308,260993.0,0.2659841451686444,-1.324318576606021,61.0
2018,CA,31,Pete Aguilar,https://upload.wikimedia.org/wikipedia/commons/e/e5/Pete_Aguilar_Official_Portrait%2C_115th_Congress_%28cropped%29.jpg,T,Democratic,110143.0,1,CA_31_1,M,1979.0,Bachelor,74.0,74.0,15.0,69368,751527,368078,383449,0.9599138346950964,187495.0,0.5874449985332942,-0.5319726568642007,39.0
2018,CA,31,Sean Flynn,https://upload.wikimedia.org/wikipedia/commons/b/bd/3x4.svg,F,Republican,77352.0,0,CA_31_2,M,1973.0,Master,71.0,73.0,15.0,69368,751527,368078,383449,0.9599138346950964,187495.0,0.41255500146670576,-0.8853857452069905,45.0
2018,CA,32,Grace Napolitano,https://upload.wikimedia.org/wikipedia/commons/f/f8/Rep-Napolitano_%28alt_crop%29.jpg,T,Democratic,121759.0,1,CA_32_1,F,1936.0,Bachelor,77.0,75.0,11.0,75176,716199,348260,367939,0.9465155908995784,177031.0,0.6877834955459778,-0.3742811772794726,82.0
2018,CA,32,Joshua Scott,https://upload.wikimedia.org/wikipedia/commons/b/bd/3x4.svg,F,Republican,55272.0,0,CA_32_2,M,,Bachelor,70.0,70.0,11.0,75176,716199,348260,367939,0.9465155908995784,177031.0,0.31221650445402216,-1.1640584072948363,
2018,CA,33,Ted Lieu,https://upload.wikimedia.org/wikipedia/commons/c/c1/Congressman_Ted_W._Lieu_official_photo_%28cropped%29.jpg,T,Democratic,219091.0,1,CA_33_1,M,1969.0,Doctor,77.0,80.0,7.7,117040,704818,345390,359428,0.9609434991152608,312860.0,0.7002844722879243,-0.3562686375096208,49.0
2018,CA,33,Kenneth Wright,https://upload.wikimedia.org/wikipedia/commons/b/bd/3x4.svg,F,Republican,93769.0,0,CA_33_2,M,1950.0,Master,74.0,65.0,7.7,117040,704818,345390,359428,0.9609434991152608,312860.0,0.2997155277120757,-1.2049214951505518,68.0
2018,CA,34,Jimmy Gomez,https://upload.wikimedia.org/wikipedia/commons/c/ce/Jimmy_Gomez%2C_official_portrait%2C_115th_Congress_%28cropped%29.jpg,T,Democratic,110195.0,1,CA_34_1,M,1974.0,Master,78.0,79.0,20.6,51744,748812,384917,363895,1.0577694115060663,151906.0,0.7254157176148408,-0.32101038485381694,44.0
2018,CA,34,Kenneth Mejia,https://upload.wikimedia.org/wikipedia/commons/4/45/Kenneth_Mejia%2C_2017_%28cropped%29.png,T,Green,41711.0,0,CA_34_2,M,1990.0,Bachelor,68.0,72.0,20.6,51744,748812,384917,363895,1.0577694115060663,151906.0,0.27458428238515925,-1.2924970255050838,28.0
2018,CA,35,Norma Torres,https://upload.wikimedia.org/wikipedia/commons/6/62/Norma_Torres_115th_official_photo_%28cropped%29.jpg,T,Democratic,103420.0,1,CA_35_1,F,1965.0,Bachelor,72.0,72.0,13.9,69814,769589,382031,387558,0.9857389087568827,149024.0,0.6939821773674039,-0.36530899983189136,53.0
2018,CA,35,Christian Valiente,https://upload.wikimedia.org/wikipedia/commons/b/bd/3x4.svg,F,Republican,45604.0,0,CA_35_2,M,1984.0,High_school,76.0,73.0,13.9,69814,769589,382031,387558,0.9857389087568827,149024.0,0.3060178226325961,-1.1841119348284934,34.0
2018,CA,36,Raul Ruiz,https://upload.wikimedia.org/wikipedia/commons/5/5c/Raul_Ruiz%2C_official_portrait%2C_113th_congress_%283x4%29.jpg,T,Democratic,122169.0,1,CA_36_1,M,1972.0,Master,72.0,69.0,15.6,50857,752138,377080,375058,1.0053911661662995,207008.0,0.5901655974648323,-0.5273521077946501,46.0
2018,CA,36,Kimberlin Brown Pelzer,https://upload.wikimedia.org/wikipedia/commons/f/f2/Kimberlin_Brown_Pelzer_%28cropped%29.jpg,T,Republican,84839.0,0,CA_36_2,F,1961.0,Bachelor,70.0,70.0,15.6,50857,752138,377080,375058,1.0053911661662995,207008.0,0.40983440253516773,-0.8920020971275342,57.0
2018,CA,37,Karen Bass,https://upload.wikimedia.org/wikipedia/commons/5/53/Karen-Bass-2012_%283x4%29.jpg,T,Democratic,210555.0,1,CA_37_1,F,1953.0,Master,69.0,49.0,17.2,67686,738174,362793,375381,0.9664660704724,236378.0,0.890755484858997,-0.11568531694119821,65.0
2018,CA,37,Ron J. Bassilian,https://upload.wikimedia.org/wikipedia/commons/b/bd/3x4.svg,F,Republican,25823.0,0,CA_37_2,M,1974.0,Bachelor,66.0,72.0,17.2,67686,738174,362793,375381,0.9664660704724,236378.0,0.10924451514100297,-2.2141666509257454,44.0
2018,CA,38,Linda Sánchez,https://upload.wikimedia.org/wikipedia/commons/0/0c/Linda_S%C3%A1nchez%2C_116th_Congress%2C_official_photo_%28cropped%29.jpg,T,Democratic,139188.0,1,CA_38_1,F,1969.0,Doctor,72.0,69.0,9.3,77214,716331,351312,365019,0.9624485300765164,202156.0,0.6885177783493935,-0.3732141392885728,49.0
2018,CA,38,Ryan Downing,https://upload.wikimedia.org/wikipedia/commons/b/bd/3x4.svg,F,Republican,62968.0,0,CA_38_2,M,1989.0,,60.0,63.0,9.3,77214,716331,351312,365019,0.9624485300765164,202156.0,0.31148222165060646,-1.1664130157361632,29.0
2018,CA,39,Gil Cisneros,https://upload.wikimedia.org/wikipedia/commons/0/0b/Gil_Cisneros%2C_official_portrait%2C_116th_Congress_%28cropped%29.jpg,T,Democratic,126002.0,0,CA_39_1,M,1971.0,Master,68.0,67.0,8.6,96280,726541,354671,371870,0.9537499663861028,244393.0,0.5155712315819193,-0.6624798054746918,47.0
2018,CA,39,Young Kim,https://upload.wikimedia.org/wikipedia/commons/d/d0/Young_Kim_%28cropped%29.jpg,T,Republican,118391.0,0,CA_39_2,F,1962.0,Bachelor,85.0,85.0,8.6,96280,726541,354671,371870,0.9537499663861028,244393.0,0.4844287684180807,-0.7247848792688496,56.0
2018,CA,40,Lucille Roybal-Allard,https://upload.wikimedia.org/wikipedia/commons/2/29/Lucille_Roybal-Allard%2C_Official_Portrait%2C_113th_Congress_%28cropped%29.jpg,T,Democratic,93938.0,1,CA_40_1,F,1941.0,Bachelor,76.0,76.0,20.4,58834,716470,360732,355738,1.0140384215349498,121449.0,0.7734769327042627,-0.2568594313862112,77.0
2018,CA,40,Rodolfo Cortes Barragan,https://upload.wikimedia.org/wikipedia/commons/b/bd/3x4.svg,F,Green,27511.0,0,CA_40_2,M,1987.0,Doctor,69.0,68.0,20.4,58834,716470,360732,355738,1.0140384215349498,121449.0,0.22652306729573732,-1.4849084968793438,31.0
2018,CA,41,Mark Takano,https://upload.wikimedia.org/wikipedia/commons/1/1a/Mark_Takano_113th_Congress_%28cropped%29.jpg,T,Democratic,108227.0,1,CA_41_1,M,1960.0,Master,79.0,78.0,14.5,70144,775626,381077,394549,0.9658546847159668,166248.0,0.6509973052307396,-0.42924977621264276,58.0
2018,CA,41,Aja Smith,https://upload.wikimedia.org/wikipedia/commons/b/bd/3x4.svg,F,Republican,58021.0,0,CA_41_2,F,1978.0,Bachelor,73.0,74.0,14.5,70144,775626,381077,394549,0.9658546847159668,166248.0,0.3490026947692604,-1.0526756354076277,40.0
2018,CA,42,Ken Calvert,https://upload.wikimedia.org/wikipedia/commons/e/e1/Ken_Calvert%2C_official_portrait%2C_115th_Congress_%28cropped%29.jpg,T,Republican,131040.0,1,CA_42_1,M,1953.0,Bachelor,74.0,76.0,9.0,92503,826801,416463,410338,1.014926718948769,231932.0,0.5649931876584516,-0.5709416051500638,65.0
2018,CA,42,Julia Peacock,https://upload.wikimedia.org/wikipedia/commons/b/bd/3x4.svg,F,Democratic,100892.0,0,CA_42_2,F,1969.0,Bachelor,74.0,79.0,9.0,92503,826801,416463,410338,1.014926718948769,231932.0,0.43500681234154837,-0.8323935874607946,49.0
2018,CA,43,Maxine Waters,https://upload.wikimedia.org/wikipedia/commons/b/b8/Maxine_Waters%2C_Official_Portrait%2C_113th_Congress_%28cropped%29.jpg,T,Democratic,152272.0,1,CA_43_1,F,1938.0,Bachelor,75.0,76.0,14.3,69075,753696,365298,388398,0.940524925463056,196052.0,0.7766918980678595,-0.2527115348355328,80.0
2018,CA,43,Omar Navarro,https://upload.wikimedia.org/wikipedia/commons/1/15/Omar.navarro_%28cropped%29.jpg,T,Republican,43780.0,0,CA_43_2,M,1989.0,Bachelor,70.0,70.0,14.3,69075,753696,365298,388398,0.940524925463056,196052.0,0.22330810193214046,-1.4992028380708036,29.0
2018,CA,44,Nanette Barragán,https://upload.wikimedia.org/wikipedia/commons/5/53/Nanette_Barragan_official_portrait_%28cropped_2%29.jpg,T,Democratic,97944.0,1,CA_44_1,F,1976.0,Doctor,69.0,69.0,19.0,59003,725177,354717,370460,0.957504183987475,143322.0,0.6833842675932515,-0.38069796035426345,42.0
2018,CA,44,Aja Brown,https://upload.wikimedia.org/wikipedia/commons/7/78/Aja_Brown_%28cropped%29.jpg,T,Democratic,45378.0,0,CA_44_2,F,1982.0,Master,68.0,71.0,19.0,59003,725177,354717,370460,0.957504183987475,143322.0,0.31661573240674845,-1.1500664410239303,36.0
2018,CA,45,Katie Porter,https://upload.wikimedia.org/wikipedia/commons/4/45/Katie_Porter%2C_official_portrait%2C_116th_Congress_%283x4%29.jpg,T,Democratic,158906.0,0,CA_45_1,F,1974.0,Doctor,75.0,77.0,8.3,111276,797608,390442,407166,0.9589258435134564,305289.0,0.5205100740609717,-0.6529460365304116,44.0
2018,CA,45,Mimi Walters,https://upload.wikimedia.org/wikipedia/commons/1/13/Mimi_Walters_full_official_photo_%28cropped%29.jpg,T,Republican,146383.0,1,CA_45_2,F,1962.0,Bachelor,74.0,78.0,8.3,111276,797608,390442,407166,0.9589258435134564,305289.0,0.4794899259390283,-0.7350323943912797,56.0
2018,CA,46,Lou Correa,https://upload.wikimedia.org/wikipedia/commons/c/c0/Lou_Correa_official_portrait.jpg,T,Democratic,102278.0,1,CA_46_1,M,1958.0,Doctor,66.0,73.0,15.5,75036,735139,369917,365222,1.0128551949225402,147916.0,0.6914600178479677,-0.3689499490023421,60.0
2018,CA,46,Russell Rene Lambert,https://upload.wikimedia.org/wikipedia/commons/b/bd/3x4.svg,F,Republican,45638.0,0,CA_46_2,M,,Bachelor,57.0,58.0,15.5,75036,735139,369917,365222,1.0128551949225402,147916.0,0.3085399821520322,-1.1759038422448733,
2018,CA,47,Alan Lowenthal,https://upload.wikimedia.org/wikipedia/commons/9/94/Alan_Lowenthal_113th_Congress_Portrait_%28cropped%29.jpeg,T,Democratic,143354.0,1,CA_47_1,M,1941.0,Doctor,66.0,64.0,13.0,73277,710853,350075,360778,0.9703335569242026,221036.0,0.6485549865180332,-0.4330084885070526,77.0
2018,CA,47,John Briscoe,https://upload.wikimedia.org/wikipedia/commons/b/bd/3x4.svg,F,Republican,77682.0,0,CA_47_2,M,,Master,58.0,62.0,13.0,73277,710853,350075,360778,0.9703335569242026,221036.0,0.3514450134819667,-1.0457020138746884,
2018,CA,48,Harley Rouda,https://upload.wikimedia.org/wikipedia/commons/f/f4/Harley_Rouda%2C_official_portrait%2C_116th_Congress_%283x4%29.jpg,T,Democratic,157837.0,0,CA_48_1,M,1961.0,Doctor,75.0,71.0,8.9,97682,719486,357234,362252,0.9861477645396024,294736.0,0.5355199229140655,-0.6245171854650798,57.0
2018,CA,48,Dana Rohrabacher,https://upload.wikimedia.org/wikipedia/commons/4/45/Dana_Rohrabacher_official_photo_%28cropped%29.jpg,T,Republican,136899.0,1,CA_48_2,M,1947.0,Master,68.0,71.0,8.9,97682,719486,357234,362252,0.9861477645396024,294736.0,0.46448007708593453,-0.7668366127440361,71.0
2018,CA,49,Mike Levin,https://upload.wikimedia.org/wikipedia/commons/1/1e/Mike_Levin%2C_official_portrait%2C_116th_Congress_%28cropped%29.jpg,T,Democratic,166453.0,0,CA_49_1,M,1978.0,Doctor,64.0,63.0,8.2,97685,731513,365247,366266,0.9972178689804676,295030.0,0.5641900823645053,-0.5723640587954233,40.0
2018,CA,49,Diane Harkey,https://upload.wikimedia.org/wikipedia/commons/3/3e/Diane_Harkey_%28cropped%29.jpg,T,Republican,128577.0,0,CA_49_2,F,1951.0,Bachelor,72.0,79.0,8.2,97685,731513,365247,366266,0.9972178689804676,295030.0,0.4358099176354947,-0.8305490994210277,67.0
2018,CA,50,Duncan D. Hunter,https://upload.wikimedia.org/wikipedia/commons/1/17/Duncan_Hunter_116th_Congress_%28cropped%29.jpg,T,Republican,134362.0,1,CA_50_1,M,1976.0,Bachelor,84.0,85.0,10.2,78947,751551,372451,379100,0.9824610920601424,259810.0,0.5171548439244062,-0.6594129446269101,42.0
2018,CA,50,Ammar Campa-Najjar,https://upload.wikimedia.org/wikipedia/commons/b/bd/3x4.svg,F,Democratic,125448.0,0,CA_50_2,M,1989.0,Bachelor,78.0,79.0,10.2,78947,751551,372451,379100,0.9824610920601424,259810.0,0.4828451560755937,-0.7280592645640398,29.0
2018,CA,51,Juan Vargas,https://upload.wikimedia.org/wikipedia/commons/4/4b/Juan_Vargas%2C_Official_Portrait%2C_113th_Congress_%28cropped%29.jpg,T,Democratic,109527.0,1,CA_51_1,M,1961.0,Doctor,76.0,77.0,19.8,53941,747510,378733,368777,1.0269973452791252,153828.0,0.7120095171230205,-0.3396640009136801,57.0
2018,CA,51,Juan M. Hidalgo Jr.,https://upload.wikimedia.org/wikipedia/commons/b/bd/3x4.svg,F,Republican,44301.0,0,CA_51_2,M,1967.0,Bachelor,67.0,68.0,19.8,53941,747510,378733,368777,1.0269973452791252,153828.0,0.2879904828769795,-1.2448278449582513,51.0
2018,CA,52,Scott Peters,https://upload.wikimedia.org/wikipedia/commons/c/c9/Scott_Peters%2C_official_portrait%2C_116th_Congress_%28cropped%29.jpg,T,Democratic,188992.0,1,CA_52_1,M,1958.0,Doctor,65.0,65.0,8.6,101130,767172,393839,373333,1.0549268347561025,296007.0,0.6384713875009712,-0.44867841657162677,60.0
2018,CA,52,Omar Qudrat,https://upload.wikimedia.org/wikipedia/commons/b/bd/3x4.svg,F,Republican,107015.0,0,CA_52_2,M,,Doctor,86.0,89.0,8.6,101130,767172,393839,373333,1.0549268347561025,296007.0,0.36152861249902873,-1.0174140911405576,
2018,CA,53,Susan Davis,https://upload.wikimedia.org/wikipedia/commons/d/df/Susan_Davis%2C_Official_Portrait%2C_112th_Congress_%28cropped%29.jpg,T,Democratic,185667.0,1,CA_53_1,F,1944.0,Master,73.0,74.0,11.4,81279,796701,396902,399799,0.992753858814054,268794.0,0.6907408647514454,-0.36999054038159707,74.0
2018,CA,53,Morgan Murtaugh,https://upload.wikimedia.org/wikipedia/commons/b/bd/3x4.svg,F,Republican,83127.0,0,CA_53_2,F,1992.0,Bachelor,83.0,85.0,11.4,81279,796701,396902,399799,0.992753858814054,268794.0,0.30925913524855464,-1.1735757281343429,26.0
2020,CA,1,Doug LaMalfa,https://upload.wikimedia.org/wikipedia/commons/6/60/Doug_LaMalfa_116th_Congress.jpg,T,Republican,204190.0,1,CA_1_1,M,1960.0,Bachelor,49.0,56.0,15.4,57693,704482,353464,351018,1.0069683036197574,358263.0,0.5699444263013485,-0.5622164206236852,60.0
2020,CA,1,Audrey Denney,https://upload.wikimedia.org/wikipedia/commons/b/bd/3x4.svg,F,Democratic,154073.0,0,CA_1_2,F,1984.0,Master,79.0,79.0,15.4,57693,704482,353464,351018,1.0069683036197574,358263.0,0.43005557369865155,-0.8438408374857933,36.0
2020,CA,2,Jared Huffman,https://upload.wikimedia.org/wikipedia/commons/8/84/Jared_Huffman_official_photo_%28cropped%29.png,T,Democratic,294435.0,1,CA_2_1,M,1964.0,Doctor,70.0,69.0,11.2,81739,714171,353057,361114,0.9776884861844182,388755.0,0.7573793263109156,-0.2778910594891454,56.0
2020,CA,2,Dale K. Mensing,https://upload.wikimedia.org/wikipedia/commons/b/bd/3x4.svg,F,Republican,94320.0,0,CA_2_2,M,1958.0,Bachelor,73.0,70.0,11.2,81739,714171,353057,361114,0.9776884861844182,388755.0,0.24262067368908438,-1.4162560689179513,62.0
2020,CA,3,John Garamendi,https://upload.wikimedia.org/wikipedia/commons/9/96/John_Garamendi_official_photo.jpg,T,Democratic,176036.0,1,CA_3_1,M,1945.0,Master,79.0,76.0,13.3,74939,746967,373506,373461,1.0001204945094668,321977.0,0.5467347046528168,-0.6037915948457099,75.0
2020,CA,3,Tamika Hamilton,https://upload.wikimedia.org/wikipedia/commons/b/bd/3x4.svg,F,Republican,145941.0,0,CA_3_2,F,1984.0,,74.0,77.0,13.3,74939,746967,373506,373461,1.0001204945094668,321977.0,0.4532652953471832,-0.7912776839768267,36.0
2020,CA,4,Tom McClintock,https://upload.wikimedia.org/wikipedia/commons/2/29/Tom_McClintock%2C_Official_Portrait%2C_112th_Congress_%28cropped%29.JPG,T,Republican,247291.0,1,CA_4_1,M,1956.0,Bachelor,85.0,83.0,8.5,82657,750420,372802,377618,0.9872463706708896,442022.0,0.559454054323088,-0.580793873774439,64.0
2020,CA,4,Brynne S. Kennedy,https://upload.wikimedia.org/wikipedia/commons/f/f0/Brynne_Kennedy_2020_%28cropped%29.jpg,T,Democratic,194731.0,0,CA_4_2,F,1984.0,Master,78.0,77.0,8.5,82657,750420,372802,377618,0.9872463706708896,442022.0,0.440545945676912,-0.8197405355788155,36.0
2020,CA,5,Mike Thompson,https://upload.wikimedia.org/wikipedia/commons/0/05/Mike_Thompson%2C_official_portrait%2C_116th_Congress_%28cropped%29.jpg,T,Democratic,271233.0,1,CA_5_1,M,1951.0,Master,58.0,73.0,9.3,86711,724984,353792,371192,0.9531239897411582,356510.0,0.7608005385543183,-0.2733840598722398,69.0
2020,CA,5,Scott Giblin,https://upload.wikimedia.org/wikipedia/commons/b/bd/3x4.svg,F,Republican,85277.0,0,CA_5_2,M,1966.0,High_school,63.0,66.0,9.3,86711,724984,353792,371192,0.9531239897411582,356510.0,0.23919946144568174,-1.4304575083894586,54.0
2020,CA,6,Doris Matsui,https://upload.wikimedia.org/wikipedia/commons/4/42/Doris_Matsui_Official_Photo_%28cropped%29.JPG,T,Democratic,229648.0,1,CA_6_1,F,1944.0,Bachelor,69.0,68.0,17.4,64395,764174,374721,389453,0.962172585652184,313114.0,0.7334325517223759,-0.310019639652522,76.0
2020,CA,6,Chris Bish,https://upload.wikimedia.org/wikipedia/commons/b/bd/3x4.svg,F,Republican,83466.0,0,CA_6_2,F,,,67.0,69.0,17.4,64395,764174,374721,389453,0.962172585652184,313114.0,0.26656744827762413,-1.322127978176058,
2020,CA,7,Ami Bera,https://upload.wikimedia.org/wikipedia/commons/e/e5/Ami_Bera%2C_Official_Portrait%2C_115th_Congress_%28cropped%29.jpg,T,Democratic,217416.0,1,CA_7_1,M,1965.0,Doctor,82.0,84.0,10.6,82795,762260,370533,391727,0.9458959938937066,383965.0,0.5662391103355775,-0.5687388335652632,55.0
2020,CA,7,Buzz Patterson,https://upload.wikimedia.org/wikipedia/commons/b/bd/3x4.svg,F,Republican,166549.0,0,CA_7_2,M,1955.0,Master,76.0,75.0,10.6,82795,762260,370533,391727,0.9458959938937066,383965.0,0.43376088966442256,-0.8352618421816383,65.0
2020,CA,8,Jay Obernolte,https://upload.wikimedia.org/wikipedia/commons/b/b6/Jay_Obernolte_%28cropped%29.png,T,Republican,158711.0,0,CA_8_1,M,1970.0,Doctor,67.0,67.0,17.9,56872,729399,366846,362553,1.0118410273808245,283111.0,0.5605963738604293,-0.5787541085912606,50.0
2020,CA,8,Christine Bubser,https://upload.wikimedia.org/wikipedia/commons/b/bd/3x4.svg,F,Democratic,124400.0,0,CA_8_2,F,,Master,79.0,75.0,17.9,56872,729399,366846,362553,1.0118410273808245,283111.0,0.4394036261395707,-0.8223368665860004,
2020,CA,9,Jerry McNerney,https://upload.wikimedia.org/wikipedia/commons/a/a4/Jerry_McNerney%2C_official_portrait%2C_114th_Congress_%28cropped%29.jpg,T,Democratic,174252.0,1,CA_9_1,M,1951.0,Doctor,64.0,59.0,13.3,75842,775716,381416,394300,0.9673243723053512,302610.0,0.5758302765936354,-0.551942320398253,69.0
2020,CA,9,Tony Amador,https://upload.wikimedia.org/wikipedia/commons/b/bd/3x4.svg,F,Republican,128358.0,0,CA_9_2,M,1943.0,Doctor,71.0,72.0,13.3,75842,775716,381416,394300,0.9673243723053512,302610.0,0.4241697234063646,-0.8576216127925225,77.0
2020,CA,10,Josh Harder,https://upload.wikimedia.org/wikipedia/commons/8/8d/Josh_Harder%2C_official_portrait%2C_116th_Congress_%283x4%29.jpg,T,Democratic,161745.0,1,CA_10_1,M,1986.0,Master,68.0,70.0,12.4,71531,757213,377896,379317,0.996253793001632,293192.0,0.5516692133482496,-0.5948066635085009,34.0
2020,CA,10,Ted Howze,https://upload.wikimedia.org/wikipedia/commons/b/bd/3x4.svg,F,Republican,131447.0,0,CA_10_2,M,1967.0,Doctor,52.0,51.0,12.4,71531,757213,377896,379317,0.996253793001632,293192.0,0.4483307866517504,-0.8022239559611086,53.0
2020,CA,11,Mark DeSaulnier,https://upload.wikimedia.org/wikipedia/commons/2/20/Mark_DeSaulnier-1_%28cropped%29.jpeg,T,Democratic,271063.0,1,CA_11_1,M,1952.0,Bachelor,71.0,74.0,8.9,105392,760284,372317,387967,0.9596615176033012,371356.0,0.7299276166266332,-0.3148099050618945,68.0
2020,CA,11,Nisha Sharma,https://upload.wikimedia.org/wikipedia/commons/b/bd/3x4.svg,F,Republican,100293.0,0,CA_11_2,F,,Bachelor,84.0,84.0,8.9,105392,760284,372317,387967,0.9596615176033012,371356.0,0.2700723833733668,-1.30906526934452,
2020,CA,12,Nancy Pelosi,https://upload.wikimedia.org/wikipedia/commons/1/12/Official_photo_of_Speaker_Nancy_Pelosi_in_2019_%281%29.jpg,T,Democratic,281776.0,1,CA_12_1,F,1940.0,Bachelor,86.0,86.0,10.3,122043,763777,391837,371940,1.0534951873958165,362950.0,0.7763493594158976,-0.25315265467812015,80.0
2020,CA,12,Shahid Buttar,https://upload.wikimedia.org/wikipedia/commons/f/fb/Shahid_Buttar_on_Jenerational_Change_%28cropped%29.png,T,Democratic,81174.0,0,CA_12_2,M,1974.0,Doctor,72.0,74.0,10.3,122043,763777,391837,371940,1.0534951873958165,362950.0,0.2236506405841025,-1.4976700848815714,46.0
2020,CA,13,Barbara Lee,https://upload.wikimedia.org/wikipedia/commons/0/01/U.S._Rep._Barbara_Lee_-_Official_Portrait%2C_115th_Congress.jpg,T,Democratic,327863.0,1,CA_13_1,F,1946.0,Master,71.0,69.0,13.3,91829,760817,369768,391049,0.9455797099596216,362818.0,0.9036569299207867,-0.10130549291919719,74.0
2020,CA,13,Nikka Piterman,https://upload.wikimedia.org/wikipedia/commons/b/bd/3x4.svg,F,Republican,34955.0,0,CA_13_2,M,,Bachelor,76.0,77.0,13.3,91829,760817,369768,391049,0.9455797099596216,362818.0,0.09634307007921326,-2.3398398111587526,
2020,CA,14,Jackie Speier,https://upload.wikimedia.org/wikipedia/commons/d/d1/Jackie_Speier_official_photo_%28cropped_2%29.jpg,T,Democratic,278227.0,1,CA_14_1,F,1950.0,Doctor,77.0,71.0,6.7,123507,749549,371779,377770,0.9841411440823782,350911.0,0.7928705569218406,-0.2320953027999294,70.0
2020,CA,14,Ran Petel,https://upload.wikimedia.org/wikipedia/commons/b/bd/3x4.svg,F,Republican,72684.0,0,CA_14_2,M,1969.0,Master,77.0,76.0,6.7,123507,749549,371779,377770,0.9841411440823782,350911.0,0.20712944307815942,-1.5744113522734042,51.0
2020,CA,15,Eric Swalwell,https://upload.wikimedia.org/wikipedia/commons/f/f9/Eric_Swalwell_114th_official_photo_%28cropped%29.jpg,T,Democratic,242991.0,1,CA_15_1,M,1980.0,Doctor,54.0,53.0,6.3,122791,788527,391046,397481,0.9838105469192238,342701.0,0.7090466616671676,-0.3438339412627676,40.0
2020,CA,15,Alison Hayden,https://upload.wikimedia.org/wikipedia/commons/b/bd/3x4.svg,F,Republican,99710.0,0,CA_15_2,F,1959.0,Master,75.0,74.0,6.3,122791,788527,391046,397481,0.9838105469192238,342701.0,0.29095333833283243,-1.2345923740396894,61.0
2020,CA,16,Jim Costa,https://upload.wikimedia.org/wikipedia/commons/3/39/Jim_Costa_116th_Congress.jpg,T,Democratic,128690.0,1,CA_16_1,M,1952.0,Bachelor,77.0,76.0,24.1,51952,736400,367611,368789,0.9968057615601332,216729.0,0.5937830193467418,-0.5212413136481954,68.0
2020,CA,16,Kevin Cookingham,https://upload.wikimedia.org/wikipedia/commons/b/bd/3x4.svg,F,Republican,88039.0,0,CA_16_2,M,1958.0,Master,75.0,74.0,24.1,51952,736400,367611,368789,0.9968057615601332,216729.0,0.40621698065325823,-0.900867827033437,62.0
2020,CA,17,Ro Khanna,https://upload.wikimedia.org/wikipedia/commons/1/16/Ro_Khanna%2C_official_portrait%2C_115th_Congress_%283x4%29.jpg,T,Democratic,212137.0,1,CA_17_1,M,1976.0,Doctor,87.0,87.0,6.0,131233,776763,398055,378708,1.051086853195602,297336.0,0.7134588479027094,-0.3376305201088174,44.0
2020,CA,17,Ritesh Tandon,https://upload.wikimedia.org/wikipedia/commons/b/bd/3x4.svg,F,Republican,85199.0,0,CA_17_2,M,1972.0,Master,65.0,65.0,6.0,131233,776763,398055,378708,1.051086853195602,297336.0,0.2865411520972906,-1.2498731158043594,48.0
2020,CA,18,Anna Eshoo,https://upload.wikimedia.org/wikipedia/commons/1/14/Anna_Eshoo_official_2018.jpg,T,Democratic,217377.0,1,CA_18_1,F,1942.0,Bachelor,80.0,83.0,5.9,147196,744487,371063,373424,0.993677428338832,344127.0,0.6316766775056883,-0.45937760196533717,78.0
2020,CA,18,Rishi Kumar,https://upload.wikimedia.org/wikipedia/commons/0/05/RishiKumar_%28cropped%29.jpg,T,Democratic,126750.0,0,CA_18_2,M,1967.0,Master,86.0,88.0,5.9,147196,744487,371063,373424,0.993677428338832,344127.0,0.3683233224943117,-0.9987941328162174,53.0
2020,CA,19,Zoe Lofgren,https://upload.wikimedia.org/wikipedia/commons/b/bb/Zoe_Lofgren_headshot.jpg,T,Democratic,224385.0,1,CA_19_1,F,1947.0,Doctor,74.0,78.0,8.4,112598,758327,382430,375897,1.0173797609451525,313027.0,0.7168231494407831,-0.3329261223060992,73.0
2020,CA,19,Justin Aguilera,https://upload.wikimedia.org/wikipedia/commons/b/bd/3x4.svg,F,Republican,88642.0,0,CA_19_2,M,,Bachelor,72.0,73.0,8.4,112598,758327,382430,375897,1.0173797609451525,313027.0,0.28317685055921693,-1.2616836628793089,
2020,CA,20,Jimmy Panetta,https://upload.wikimedia.org/wikipedia/commons/8/82/Jimmy_Panetta%2C_official_portrait%2C_115th_Congress.jpg,T,Democratic,236896.0,1,CA_20_1,M,1969.0,Doctor,80.0,79.0,12.1,87592,736750,370218,366532,1.0100564207217924,308554.0,0.7677618828470867,-0.2642756422855892,51.0
2020,CA,20,Jeff Gorman,https://upload.wikimedia.org/wikipedia/commons/b/bd/3x4.svg,F,Republican,71658.0,0,CA_20_2,M,1968.0,Bachelor,66.0,66.0,12.1,87592,736750,370218,366532,1.0100564207217924,308554.0,0.23223811715291326,-1.4599920666319322,52.0
2020,CA,21,David Valadao,https://upload.wikimedia.org/wikipedia/commons/0/01/David_Valadao%2C_official_portrait%2C_117th_Congress_%28cropped%29.png,T,Republican,85928.0,0,CA_21_1,M,1977.0,Bachelor,60.0,63.0,23.7,52937,713346,376118,337228,1.115322571079507,170334.0,0.5044676928857421,-0.6842514791265145,43.0
2020,CA,21,TJ Cox,https://upload.wikimedia.org/wikipedia/commons/a/a1/TJ_Cox%2C_official_portrait%2C_116th_Congress_%28cropped%29.jpg,T,Democratic,84406.0,1,CA_21_2,M,1963.0,Master,77.0,73.0,23.7,52937,713346,376118,337228,1.115322571079507,170334.0,0.4955323071142579,-0.7021227262997332,57.0
2020,CA,22,Devin Nunes,https://upload.wikimedia.org/wikipedia/commons/0/0b/Devin_Nunes%2C_official_portrait%2C_112th_Congress.jpg,T,Republican,170888.0,1,CA_22_1,M,1973.0,Master,72.0,70.0,16.3,70172,769728,379163,390565,0.9708063958624044,315139.0,0.542262303301083,-0.6120054401806245,47.0
2020,CA,22,Phil Arballo,https://upload.wikimedia.org/wikipedia/commons/b/bd/3x4.svg,F,Democratic,144251.0,0,CA_22_2,M,1979.0,Bachelor,77.0,78.0,16.3,70172,769728,379163,390565,0.9708063958624044,315139.0,0.457737696698917,-0.7814589735628061,41.0
2020,CA,23,Kevin McCarthy,https://upload.wikimedia.org/wikipedia/commons/2/2b/Kevin_McCarthy%2C_official_photo%2C_116th_Congress_%28cropped%29.jpg,T,Republican,190222.0,1,CA_23_1,M,1965.0,Master,71.0,69.0,17.6,63613,748143,378741,369402,1.025281400750402,306118.0,0.6214008976930465,-0.4757788373942906,55.0
2020,CA,23,Kim Mangone,https://upload.wikimedia.org/wikipedia/commons/b/bd/3x4.svg,F,Democratic,115896.0,0,CA_23_2,F,1958.0,Bachelor,78.0,77.0,17.6,63613,748143,378741,369402,1.025281400750402,306118.0,0.37859910230695354,-0.9712774112954268,62.0
2020,CA,24,Salud Carbajal,https://upload.wikimedia.org/wikipedia/commons/9/96/Salud_Carbajal_116th_Congress.jpg,T,Democratic,212564.0,1,CA_24_1,M,1964.0,Master,55.0,65.0,12.2,82172,736030,369878,366152,1.010176101728244,362345.0,0.5866342850046227,-0.533353677156253,56.0
2020,CA,24,Andy Caldwell,https://upload.wikimedia.org/wikipedia/commons/b/bd/3x4.svg,F,Republican,149781.0,0,CA_24_2,M,1958.0,Bachelor,84.0,86.0,12.2,82172,736030,369878,366152,1.010176101728244,362345.0,0.41336571499537733,-0.8834225693890441,62.0
2020,CA,25,Mike Garcia,https://upload.wikimedia.org/wikipedia/commons/b/b9/Mike_Garcia%2C_official_portrait%2C_116th_Congress_%28cropped1%29_%28cropped%29.jpg,T,Republican,169638.0,1,CA_25_1,M,1976.0,Master,70.0,65.0,12.3,85317,710525,354052,356473,0.993208461790935,338943.0,0.5004912330391835,-0.6921651967855035,44.0
2020,CA,25,Christy Smith,https://upload.wikimedia.org/wikipedia/commons/8/88/Christy_Smith_CA_Assembly_official_photo_%28cropped%29.jpg,T,Democratic,169305.0,0,CA_25_2,F,1969.0,Bachelor,79.0,79.0,12.3,85317,710525,354052,356473,0.993208461790935,338943.0,0.4995087669608164,-0.6941301295744482,51.0
2020,CA,26,Julia Brownley,https://upload.wikimedia.org/wikipedia/commons/3/34/Julia_Brownley_official_photo_%28cropped%29.jpg,T,Democratic,208856.0,1,CA_26_1,F,1952.0,Master,69.0,68.0,9.1,92419,724221,358973,365248,0.9828198922376028,344733.0,0.6058485842666643,-0.5011251850793679,68.0
2020,CA,26,Ronda Baldwin-Kennedy,https://upload.wikimedia.org/wikipedia/commons/b/bd/3x4.svg,F,Republican,135877.0,0,CA_26_2,F,,Doctor,77.0,78.0,9.1,92419,724221,358973,365248,0.9828198922376028,344733.0,0.3941514157333357,-0.9310201396183152,
2020,CA,27,Judy Chu,https://upload.wikimedia.org/wikipedia/commons/b/bf/Judy_Chu_2019-05-02_%28cropped%29.jpg,T,Democratic,221411.0,1,CA_27_1,F,1953.0,Doctor,82.0,82.0,10.4,90099,711767,345064,366703,0.9409903927701708,317318.0,0.6977574546669272,-0.35988372275760067,67.0
2020,CA,27,Johnny J. Nalbandian,https://upload.wikimedia.org/wikipedia/commons/b/bd/3x4.svg,F,Republican,95907.0,0,CA_27_2,M,1954.0,Bachelor,67.0,77.0,10.4,90099,711767,345064,366703,0.9409903927701708,317318.0,0.3022425453330728,-1.1965254537018233,66.0
2020,CA,28,Adam Schiff,https://upload.wikimedia.org/wikipedia/commons/9/9c/Adam_Schiff_official_portrait_%28cropped%29.jpg,T,Democratic,244471.0,1,CA_28_1,M,1960.0,Doctor,67.0,70.0,12.9,76600,712193,354127,358066,0.988999234777946,336399.0,0.7267292708955734,-0.3192012629694477,60.0
2020,CA,28,Eric Early,https://upload.wikimedia.org/wikipedia/commons/e/e7/Eric_Early%2C_2020.jpg,T,Republican,91928.0,0,CA_28_2,M,1958.0,Doctor,84.0,81.0,12.9,76600,712193,354127,358066,0.988999234777946,336399.0,0.27327072910442657,-1.297292293487437,62.0
2020,CA,29,Tony Cárdenas,https://upload.wikimedia.org/wikipedia/commons/0/09/Tony_C%C3%A1rdenas_114th_Congress_%28cropped%29.jpg,T,Democratic,119420.0,1,CA_29_1,M,1963.0,Bachelor,65.0,67.0,16.4,65938,715422,354373,361049,0.9815094350074368,210944.0,0.5661218143203883,-0.5689460042880508,57.0
2020,CA,29,Angélica Dueñas,https://upload.wikimedia.org/wikipedia/commons/6/64/AngelicaDuenas_%28cropped%29.jpg,T,Democratic,91524.0,0,CA_29_2,F,1983.0,Master,76.0,80.0,16.4,65938,715422,354373,361049,0.9815094350074368,210944.0,0.43387818567961167,-0.8349914624367952,37.0
2020,CA,30,Brad Sherman,https://upload.wikimedia.org/wikipedia/commons/8/8e/Brad_Sherman_116th_Congress.jpg,T,Democratic,240038.0,1,CA_30_1,M,1954.0,Doctor,67.0,69.0,10.2,92394,773221,379392,393829,0.9633419580579388,345464.0,0.6948278257647685,-0.36409119682072544,66.0
2020,CA,30,Mark S. Reed,https://upload.wikimedia.org/wikipedia/commons/b/bd/3x4.svg,F,Republican,105426.0,0,CA_30_2,M,1957.0,Bachelor,66.0,69.0,10.2,92394,773221,379392,393829,0.9633419580579388,345464.0,0.30517217423523146,-1.186879155958841,63.0
2020,CA,31,Pete Aguilar,https://upload.wikimedia.org/wikipedia/commons/e/e5/Pete_Aguilar_Official_Portrait%2C_115th_Congress_%28cropped%29.jpg,T,Democratic,175315.0,1,CA_31_1,M,1979.0,Bachelor,74.0,74.0,14.5,72140,752561,369243,383318,0.96328113994125,286050.0,0.6128823632232128,-0.4895822648496443,41.0
2020,CA,31,Agnes Gibboney,https://upload.wikimedia.org/wikipedia/commons/b/bd/3x4.svg,F,Republican,110735.0,0,CA_31_2,F,1954.0,Bachelor,60.0,59.0,14.5,72140,752561,369243,383318,0.96328113994125,286050.0,0.3871176367767873,-0.9490266611427292,66.0
2020,CA,32,Grace Napolitano,https://upload.wikimedia.org/wikipedia/commons/f/f8/Rep-Napolitano_%28alt_crop%29.jpg,T,Democratic,172942.0,1,CA_32_1,F,1936.0,Bachelor,77.0,75.0,11.3,78940,707305,348144,359161,0.9693257341415132,259760.0,0.6657761010163228,-0.4068018496246552,84.0
2020,CA,32,Joshua M. Scott,https://upload.wikimedia.org/wikipedia/commons/b/bd/3x4.svg,F,Republican,86818.0,0,CA_32_2,M,,Bachelor,70.0,70.0,11.3,78940,707305,348144,359161,0.9693257341415132,259760.0,0.3342238989836772,-1.0959441543552615,
2020,CA,33,Ted Lieu,https://upload.wikimedia.org/wikipedia/commons/c/c1/Congressman_Ted_W._Lieu_official_photo_%28cropped%29.jpg,T,Democratic,257094.0,1,CA_33_1,M,1969.0,Doctor,77.0,80.0,8.0,118525,708972,343707,365265,0.9409798365570202,380428.0,0.6758019914412189,-0.3918551579154948,51.0
2020,CA,33,James P. Bradley,https://upload.wikimedia.org/wikipedia/commons/a/ac/James_P._Bradley%2C_2020_%28cropped%29.png,T,Republican,123334.0,0,CA_33_2,M,1958.0,Master,74.0,77.0,8.0,118525,708972,343707,365265,0.9409798365570202,380428.0,0.32419800855878117,-1.1264008123311942,62.0
2020,CA,34,Jimmy Gomez,https://upload.wikimedia.org/wikipedia/commons/9/93/Jimmy_Gomez_official_portrait_%28alt_crop%29.jpg,T,Democratic,108792.0,1,CA_34_1,M,1974.0,Master,79.0,79.0,21.9,54567,734546,374815,359731,1.041931332023095,205346.0,0.5297984864570042,-0.635258558967795,46.0
2020,CA,34,David Kim,https://upload.wikimedia.org/wikipedia/commons/0/06/DavidKimCA_%28cropped%29.jpg,T,Democratic,96554.0,0,CA_34_2,M,1984.0,Doctor,76.0,76.0,21.9,54567,734546,374815,359731,1.041931332023095,205346.0,0.4702015135429957,-0.7545939239468619,36.0
2020,CA,35,Norma Torres,https://upload.wikimedia.org/wikipedia/commons/6/62/Norma_Torres_115th_official_photo_%28cropped%29.jpg,T,Democratic,169405.0,1,CA_35_1,F,1965.0,Bachelor,72.0,72.0,14.2,71127,748454,374529,373925,1.0016152971852643,244346.0,0.6932996652288149,-0.36629295590007904,55.0
2020,CA,35,Mike Cargile,https://upload.wikimedia.org/wikipedia/commons/3/35/Mike_Cargile_on_AI_News_%28cropped%29.jpg,T,Republican,74941.0,0,CA_35_2,M,1964.0,Bachelor,70.0,71.0,14.2,71127,748454,374529,373925,1.0016152971852643,244346.0,0.30670033477118513,-1.181884116336002,56.0
2020,CA,36,Raul Ruiz,https://upload.wikimedia.org/wikipedia/commons/5/5c/Raul_Ruiz%2C_official_portrait%2C_113th_congress_%283x4%29.jpg,T,Democratic,185051.0,1,CA_36_1,M,1972.0,Master,72.0,69.0,16.7,56181,755516,378376,377140,1.0032772975552846,306691.0,0.6033792970775145,-0.5052092632907476,48.0
2020,CA,36,Erin Cruz,https://upload.wikimedia.org/wikipedia/commons/b/bd/3x4.svg,F,Republican,121640.0,0,CA_36_2,F,,,84.0,85.0,16.7,56181,755516,378376,377140,1.0032772975552846,306691.0,0.3966207029224855,-0.924774863244027,
2020,CA,37,Karen Bass,https://upload.wikimedia.org/wikipedia/commons/4/4b/Karen-Bass-2012_%28cropped%29.jpg,T,Democratic,254916.0,1,CA_37_1,F,1953.0,Master,66.0,73.0,16.9,71265,727449,352609,374840,0.9406920285988688,296621.0,0.8593997053479019,-0.15152115049922302,67.0
2020,CA,37,Errol Webber,https://upload.wikimedia.org/wikipedia/commons/b/bd/3x4.svg,F,Republican,41705.0,0,CA_37_2,M,1987.0,Bachelor,75.0,73.0,16.9,71265,727449,352609,374840,0.9406920285988688,296621.0,0.14060029465209814,-1.9618342039313947,33.0
2020,CA,38,Linda Sánchez,https://upload.wikimedia.org/wikipedia/commons/0/0c/Linda_S%C3%A1nchez%2C_116th_Congress%2C_official_photo_%28cropped%29.jpg,T,Democratic,190467.0,1,CA_38_1,F,1969.0,Doctor,72.0,69.0,9.8,80289,706482,345403,361079,0.9565856779264372,256206.0,0.7434135031966465,-0.2965028571776197,51.0
2020,CA,38,Michael Tolar,https://upload.wikimedia.org/wikipedia/commons/b/bd/3x4.svg,F,Democratic,65739.0,0,CA_38_2,M,1993.0,Bachelor,76.0,75.0,9.8,80289,706482,345403,361079,0.9565856779264372,256206.0,0.25658649680335355,-1.3602894517107795,27.0
2020,CA,39,Young Kim,https://upload.wikimedia.org/wikipedia/commons/d/d0/Young_Kim_%28cropped%29.jpg,T,Republican,173946.0,0,CA_39_1,F,1962.0,Bachelor,85.0,85.0,8.8,101318,732667,360352,372315,0.9678686058848018,343783.0,0.5059761535619853,-0.6812657381530549,58.0
2020,CA,39,Gil Cisneros,https://upload.wikimedia.org/wikipedia/commons/0/0b/Gil_Cisneros%2C_official_portrait%2C_116th_Congress_%28cropped%29.jpg,T,Democratic,169837.0,1,CA_39_2,M,1971.0,Master,68.0,67.0,8.8,101318,732667,360352,372315,0.9678686058848018,343783.0,0.49402384643801467,-0.7051714908175468,49.0
2020,CA,40,Lucille Roybal-Allard,https://upload.wikimedia.org/wikipedia/commons/8/80/Lucille_Roybal-Allard_%28CA-40%29.jpg,T,Democratic,135572.0,1,CA_40_1,F,1941.0,Bachelor,74.0,76.0,19.9,59385,708362,356180,352182,1.011352085001505,186381.0,0.7273917405744148,-0.31829010121681683,79.0
2020,CA,40,Antonio Delgado,https://upload.wikimedia.org/wikipedia/commons/b/bd/3x4.svg,F,Republican,50809.0,0,CA_40_2,M,,,69.0,69.0,19.9,59385,708362,356180,352182,1.011352085001505,186381.0,0.27260825942558525,-1.2997194614788286,
2020,CA,41,Mark Takano,https://upload.wikimedia.org/wikipedia/commons/1/16/Mark_Takano%2C_Official_Portrait%2C_113th_Congress_%28cropped%29.jpg,T,Democratic,167938.0,1,CA_41_1,M,1960.0,Master,79.0,80.0,13.5,74149,768401,381428,386973,0.9856708349161312,262227.0,0.6404298565746471,-0.4456156771870513,60.0
2020,CA,41,Aja Smith,https://upload.wikimedia.org/wikipedia/commons/b/bd/3x4.svg,F,Republican,94289.0,0,CA_41_2,F,1978.0,Bachelor,73.0,74.0,13.5,74149,768401,381428,386973,0.9856708349161312,262227.0,0.3595701434253528,-1.0228460070136192,42.0
2020,CA,42,Ken Calvert,https://upload.wikimedia.org/wikipedia/commons/e/e1/Ken_Calvert%2C_official_portrait%2C_115th_Congress_%28cropped%29.jpg,T,Republican,210274.0,1,CA_42_1,M,1953.0,Bachelor,74.0,76.0,8.4,95012,822515,410730,411785,0.9974379834136746,368047.0,0.5713237711487935,-0.5597992052449604,67.0
2020,CA,42,Liam O'Mara,https://upload.wikimedia.org/wikipedia/commons/1/13/Liam_O%27Mara_%282020%29_%28cropped%29.png,T,Democratic,157773.0,0,CA_42_2,M,1974.0,Doctor,78.0,81.0,8.4,95012,822515,410730,411785,0.9974379834136746,368047.0,0.4286762288512065,-0.8470533562946171,46.0
2020,CA,43,Maxine Waters,https://upload.wikimedia.org/wikipedia/commons/b/b8/Maxine_Waters%2C_Official_Portrait%2C_113th_Congress_%28cropped%29.jpg,T,Democratic,199210.0,1,CA_43_1,F,1938.0,Bachelor,75.0,76.0,15.6,69727,727766,353231,374535,0.9431188006461344,277898.0,0.7168457491597636,-0.3328945951954749,82.0
2020,CA,43,Joe Collins,https://upload.wikimedia.org/wikipedia/commons/5/5a/JoeCollins3_%28cropped%29.jpg,T,Republican,78688.0,0,CA_43_2,M,1985.0,Bachelor,76.0,72.0,15.6,69727,727766,353231,374535,0.9431188006461344,277898.0,0.2831542508402363,-1.2617634738553853,35.0
2020,CA,44,Nanette Barragán,https://upload.wikimedia.org/wikipedia/commons/5/53/Nanette_Barragan_official_portrait_%28cropped_2%29.jpg,T,Democratic,139661.0,1,CA_44_1,F,1976.0,Doctor,69.0,69.0,17.5,63485,711773,348739,363034,0.9606235228656268,206036.0,0.6778475606204741,-0.3888328531642922,44.0
2020,CA,44,Analilia Joya,https://upload.wikimedia.org/wikipedia/commons/b/bd/3x4.svg,F,Democratic,66375.0,0,CA_44_2,F,,,80.0,83.0,17.5,63485,711773,348739,363034,0.9606235228656268,206036.0,0.3221524393795259,-1.1327304312407567,
2020,CA,45,Katie Porter,https://upload.wikimedia.org/wikipedia/commons/1/1c/Katie_Porter_Official_Portrait_%28cropped%29.jpg,T,Democratic,221843.0,1,CA_45_1,F,1974.0,Doctor,77.0,77.0,8.5,115609,781871,382627,399244,0.95837883600004,414939.0,0.534640031426306,-0.6261615969990121,46.0
2020,CA,45,Greg Raths,https://upload.wikimedia.org/wikipedia/commons/a/a0/Greg_Raths_%28cropped%29.jpg,T,Republican,193096.0,0,CA_45_2,M,1953.0,Master,68.0,72.0,8.5,115609,781871,382627,399244,0.95837883600004,414939.0,0.46535996857369394,-0.764944046910805,67.0
2020,CA,46,Lou Correa,https://upload.wikimedia.org/wikipedia/commons/c/c0/Lou_Correa_official_portrait.jpg,T,Democratic,157803.0,1,CA_46_1,M,1958.0,Doctor,66.0,73.0,14.3,78526,730071,366517,363554,1.008150095996743,229519.0,0.6875378508968757,-0.37463839510692737,62.0
2020,CA,46,James S. Waters,https://upload.wikimedia.org/wikipedia/commons/b/bd/3x4.svg,F,Republican,71716.0,0,CA_46_2,M,,High_school,76.0,71.0,14.3,78526,730071,366517,363554,1.008150095996743,229519.0,0.31246214910312436,-1.16327194001165,
2020,CA,47,Alan Lowenthal,https://upload.wikimedia.org/wikipedia/commons/9/94/Alan_Lowenthal_113th_Congress_Portrait_%28cropped%29.jpeg,T,Democratic,197028.0,1,CA_47_1,M,1941.0,Doctor,66.0,64.0,13.5,78328,709979,351292,358687,0.9793831390599604,311399.0,0.6327187948580438,-0.4577291974730613,79.0
2020,CA,47,John Briscoe,https://upload.wikimedia.org/wikipedia/commons/b/bd/3x4.svg,F,Republican,114371.0,0,CA_47_2,M,,Master,58.0,62.0,13.5,78328,709979,351292,358687,0.9793831390599604,311399.0,0.3672812051419561,-1.001627497784421,
2020,CA,48,Michelle Steel,https://upload.wikimedia.org/wikipedia/commons/b/b9/MichelleSteel_%28cropped%29.jpg,T,Republican,201738.0,0,CA_48_1,F,1955.0,Master,80.0,83.0,8.8,102052,720586,355055,365531,0.9713403240764804,395100.0,0.5105998481397115,-0.672169071590169,65.0
2020,CA,48,Harley Rouda,https://upload.wikimedia.org/wikipedia/commons/f/f4/Harley_Rouda%2C_official_portrait%2C_116th_Congress_%283x4%29.jpg,T,Democratic,193362.0,1,CA_48_2,M,1961.0,Doctor,75.0,71.0,8.8,102052,720586,355055,365531,0.9713403240764804,395100.0,0.4894001518602885,-0.7145748176746999,59.0
2020,CA,49,Mike Levin,https://upload.wikimedia.org/wikipedia/commons/1/1e/Mike_Levin%2C_official_portrait%2C_116th_Congress_%28cropped%29.jpg,T,Democratic,205349.0,1,CA_49_1,M,1978.0,Doctor,64.0,63.0,7.6,99888,741671,372287,369384,1.0078590301691466,386506.0,0.5312957625496111,-0.6324364211836004,42.0
2020,CA,49,Brian Maryott,https://upload.wikimedia.org/wikipedia/commons/7/7d/Brian_Maryott_%28cropped%29.jpg,T,Republican,181157.0,0,CA_49_2,M,1963.0,Bachelor,86.0,85.0,7.6,99888,741671,372287,369384,1.0078590301691466,386506.0,0.46870423745038886,-0.7577833332358238,57.0
2020,CA,50,Darrell Issa,https://upload.wikimedia.org/wikipedia/commons/0/09/Darrell_Issa%2C_official_portrait%2C_117th_Congress_%28cropped%29.jpg,T,Republican,195510.0,0,CA_50_1,M,1953.0,Bachelor,70.0,77.0,10.7,85223,748893,371498,377395,0.9843744617708236,362369.0,0.539532907064346,-0.6170515006587474,67.0
2020,CA,50,Ammar Campa-Najjar,https://upload.wikimedia.org/wikipedia/commons/b/bd/3x4.svg,F,Democratic,166859.0,0,CA_50_2,M,1989.0,Bachelor,78.0,79.0,10.7,85223,748893,371498,377395,0.9843744617708236,362369.0,0.46046709293565397,-0.7755138852632402,31.0
2020,CA,51,Juan Vargas,https://upload.wikimedia.org/wikipedia/commons/4/4b/Juan_Vargas%2C_Official_Portrait%2C_113th_Congress_%28cropped%29.jpg,T,Democratic,165596.0,1,CA_51_1,M,1961.0,Doctor,76.0,77.0,18.5,57753,736161,375719,360442,1.0423840728882872,242437.0,0.683047554622438,-0.3811907957407854,59.0
2020,CA,51,Juan Hidalgo Jr.,https://upload.wikimedia.org/wikipedia/commons/b/bd/3x4.svg,F,Republican,76841.0,0,CA_51_2,M,1967.0,Bachelor,67.0,68.0,18.5,57753,736161,375719,360442,1.0423840728882872,242437.0,0.316952445377562,-1.1490035309399926,53.0
2020,CA,52,Scott Peters,https://upload.wikimedia.org/wikipedia/commons/c/c9/Scott_Peters%2C_official_portrait%2C_116th_Congress_%28cropped%29.jpg,T,Democratic,244145.0,1,CA_52_1,M,1958.0,Doctor,65.0,65.0,8.4,103423,774895,392953,381942,1.0288289845055008,396495.0,0.6157580801775558,-0.4849011195705433,62.0
2020,CA,52,Jim DeBello,https://upload.wikimedia.org/wikipedia/commons/b/bd/3x4.svg,F,Republican,152350.0,0,CA_52_2,M,1959.0,Master,72.0,73.0,8.4,103423,774895,392953,381942,1.0288289845055008,396495.0,0.38424191982244416,-0.9564829252231944,61.0
2020,CA,53,Sara Jacobs,https://upload.wikimedia.org/wikipedia/commons/5/5e/Sara_Jacobs%2C_official_portrait%2C_117th_Congress_%28cropped%29.jpg,T,Democratic,199244.0,0,CA_53_1,F,1989.0,Master,80.0,81.0,10.8,83756,769064,383410,385654,0.9941813127829608,334858.0,0.5950104223282705,-0.519176357071818,31.0
2020,CA,53,Georgette Gómez,https://upload.wikimedia.org/wikipedia/commons/d/db/Councilmember_Georgette_Gomez_%28cropped%29.jpg,T,Democratic,135614.0,0,CA_53_2,F,1975.0,Bachelor,51.0,51.0,10.8,83756,769064,383410,385654,0.9941813127829608,334858.0,0.4049895776717295,-0.9038939463506045,45.0
